<?xml version="1.0" encoding="UTF-8"?>
<DOMAINS>
	<MEMBER>
		<CRITERIA>
			<FIELDNAME>ID</FIELDNAME>
			<FIELDTYPE>TEXT</FIELDTYPE>
			<FIELDCONSTARINT></FIELDCONSTARINT>
		</CRITERIA>
		<CRITERIA>
			<FIELDNAME>Members having renew orders</FIELDNAME>
			<FIELDTYPE>BOOLEAN</FIELDTYPE>
			<FIELDCONSTARINT>TRUE</FIELDCONSTARINT>
			<FIELDCONSTARINT>FALSE</FIELDCONSTARINT>
		</CRITERIA>
		<CRITERIA>
			<FIELDNAME>Members having Order Request</FIELDNAME>
			<FIELDTYPE>BOOLEAN</FIELDTYPE>
			<FIELDCONSTARINT>TRUE</FIELDCONSTARINT>
			<FIELDCONSTARINT>FALSE</FIELDCONSTARINT>
		</CRITERIA>
		
	</MEMBER>
</DOMAINS>